sample,epoch,pid,comm,cpu_pct,rss_kb,elapsed_s
0,1785589137, 273979 slopos-session   0.1  1888     419
0,1785589137, 273985 slopos-composit  0.5 100988    419
0,1785589137, 273987 slopos-shell     4.4 671520    419
0,1785589137, 273998 finder           0.4 307332    418
0,1785589137, 274965 textedit         0.4 223612    146
0,1785589137, 274979 appstore         0.3 188492    146
0,1785589137, 274982 settings         0.3 189128    146
0,1785589137, 274984 terminal         0.5 219692    146
1,1785589139, 273979 slopos-session   0.1  1888     421
1,1785589139, 273985 slopos-composit  0.5 100988    421
1,1785589139, 273987 slopos-shell     4.3 671520    421
1,1785589139, 273998 finder           0.4 307332    420
1,1785589139, 274965 textedit         0.4 223612    148
1,1785589139, 274979 appstore         0.3 188492    148
1,1785589139, 274982 settings         0.3 189128    148
1,1785589139, 274984 terminal         0.5 219692    148
2,1785589141, 273979 slopos-session   0.1  1888     423
2,1785589141, 273985 slopos-composit  0.5 100988    423
2,1785589141, 273987 slopos-shell     4.6 665696    423
2,1785589141, 273998 finder           0.4 307332    422
2,1785589141, 274965 textedit         0.4 223612    150
2,1785589141, 274979 appstore         0.3 188492    150
2,1785589141, 274982 settings         0.3 189128    150
2,1785589141, 274984 terminal         0.5 219692    150
3,1785589143, 273979 slopos-session   0.1  1888     425
3,1785589143, 273985 slopos-composit  0.5 100988    425
3,1785589143, 273987 slopos-shell     4.6 665696    425
3,1785589143, 273998 finder           0.4 307332    424
3,1785589143, 274965 textedit         0.4 223612    152
3,1785589143, 274979 appstore         0.3 188492    152
3,1785589143, 274982 settings         0.3 189128    152
3,1785589143, 274984 terminal         0.5 219692    152
4,1785589145, 273979 slopos-session   0.1  1888     427
4,1785589145, 273985 slopos-composit  0.5 100988    427
4,1785589145, 273987 slopos-shell     4.5 665696    427
4,1785589145, 273998 finder           0.4 307332    426
4,1785589145, 274965 textedit         0.4 223612    154
4,1785589145, 274979 appstore         0.3 188492    154
4,1785589145, 274982 settings         0.3 189128    154
4,1785589145, 274984 terminal         0.5 219692    154
5,1785589147, 273979 slopos-session   0.1  1888     429
5,1785589147, 273985 slopos-composit  0.5 100988    429
5,1785589147, 273987 slopos-shell     4.5 665696    429
5,1785589147, 273998 finder           0.4 307332    428
5,1785589147, 274965 textedit         0.4 223612    156
5,1785589147, 274979 appstore         0.3 188492    156
5,1785589147, 274982 settings         0.3 189128    156
5,1785589147, 274984 terminal         0.5 219692    156
6,1785589149, 273979 slopos-session   0.1  1888     431
6,1785589149, 273985 slopos-composit  0.5 100988    431
6,1785589149, 273987 slopos-shell     4.5 665696    431
6,1785589149, 273998 finder           0.4 307332    430
6,1785589149, 274965 textedit         0.4 223612    158
6,1785589149, 274979 appstore         0.3 188492    158
6,1785589149, 274982 settings         0.3 189128    158
6,1785589149, 274984 terminal         0.5 219692    158
7,1785589151, 273979 slopos-session   0.1  1888     433
7,1785589151, 273985 slopos-composit  0.5 100988    433
7,1785589151, 273987 slopos-shell     4.5 665696    433
7,1785589151, 273998 finder           0.4 307332    432
7,1785589151, 274965 textedit         0.4 223612    160
7,1785589151, 274979 appstore         0.3 188492    160
7,1785589151, 274982 settings         0.3 189128    160
7,1785589151, 274984 terminal         0.4 219692    160
8,1785589153, 273979 slopos-session   0.1  1888     435
8,1785589153, 273985 slopos-composit  0.5 100988    435
8,1785589153, 273987 slopos-shell     4.5 665696    435
8,1785589153, 273998 finder           0.4 307332    435
8,1785589153, 274965 textedit         0.4 223612    162
8,1785589153, 274979 appstore         0.3 188492    162
8,1785589153, 274982 settings         0.3 189128    162
8,1785589153, 274984 terminal         0.4 219692    162
9,1785589155, 273979 slopos-session   0.1  1888     437
9,1785589155, 273985 slopos-composit  0.5 100988    437
9,1785589155, 273987 slopos-shell     4.5 665696    437
9,1785589155, 273998 finder           0.4 307332    437
9,1785589155, 274965 textedit         0.4 223612    164
9,1785589155, 274979 appstore         0.3 188492    164
9,1785589155, 274982 settings         0.3 189128    164
9,1785589155, 274984 terminal         0.4 219692    164
10,1785589158, 273979 slopos-session   0.1  1888     439
10,1785589158, 273985 slopos-composit  0.5 100988    439
10,1785589158, 273987 slopos-shell     4.4 665696    439
10,1785589158, 273998 finder           0.4 307332    439
10,1785589158, 274965 textedit         0.4 223612    166
10,1785589158, 274979 appstore         0.3 188492    166
10,1785589158, 274982 settings         0.3 189128    166
10,1785589158, 274984 terminal         0.4 219692    166
11,1785589160, 273979 slopos-session   0.1  1888     441
11,1785589160, 273985 slopos-composit  0.5 100988    441
11,1785589160, 273987 slopos-shell     4.4 665696    441
11,1785589160, 273998 finder           0.4 307332    441
11,1785589160, 274965 textedit         0.4 223612    168
11,1785589160, 274979 appstore         0.3 188492    168
11,1785589160, 274982 settings         0.3 189128    168
11,1785589160, 274984 terminal         0.4 219692    168
12,1785589162, 273979 slopos-session   0.1  1888     443
12,1785589162, 273985 slopos-composit  0.5 100988    443
12,1785589162, 273987 slopos-shell     4.4 665696    443
12,1785589162, 273998 finder           0.4 307332    443
12,1785589162, 274965 textedit         0.3 223612    170
12,1785589162, 274979 appstore         0.3 188492    170
12,1785589162, 274982 settings         0.3 189128    170
12,1785589162, 274984 terminal         0.4 219692    170
13,1785589164, 273979 slopos-session   0.1  1888     445
13,1785589164, 273985 slopos-composit  0.5 100988    445
13,1785589164, 273987 slopos-shell     4.4 665696    445
13,1785589164, 273998 finder           0.3 307332    445
13,1785589164, 274965 textedit         0.3 223612    172
13,1785589164, 274979 appstore         0.3 188492    172
13,1785589164, 274982 settings         0.3 189128    172
13,1785589164, 274984 terminal         0.4 219692    172
14,1785589166, 273979 slopos-session   0.1  1888     447
14,1785589166, 273985 slopos-composit  0.5 100988    447
14,1785589166, 273987 slopos-shell     4.4 665696    447
14,1785589166, 273998 finder           0.3 307332    447
14,1785589166, 274965 textedit         0.3 223612    174
14,1785589166, 274979 appstore         0.3 188492    174
14,1785589166, 274982 settings         0.3 189128    174
14,1785589166, 274984 terminal         0.4 219692    174
15,1785589168, 273979 slopos-session   0.1  1888     449
15,1785589168, 273985 slopos-composit  0.5 100988    449
15,1785589168, 273987 slopos-shell     4.4 665696    449
15,1785589168, 273998 finder           0.3 307332    449
15,1785589168, 274965 textedit         0.3 223612    176
15,1785589168, 274979 appstore         0.3 188492    176
15,1785589168, 274982 settings         0.3 189128    176
15,1785589168, 274984 terminal         0.4 219692    176
16,1785589170, 273979 slopos-session   0.1  1888     452
16,1785589170, 273985 slopos-composit  0.5 100988    452
16,1785589170, 273987 slopos-shell     4.3 665696    451
16,1785589170, 273998 finder           0.3 307332    451
16,1785589170, 274965 textedit         0.3 223612    178
16,1785589170, 274979 appstore         0.3 188492    178
16,1785589170, 274982 settings         0.3 189128    178
16,1785589170, 274984 terminal         0.4 219692    178
17,1785589172, 273979 slopos-session   0.1  1888     454
17,1785589172, 273985 slopos-composit  0.5 100988    454
17,1785589172, 273987 slopos-shell     4.3 665696    453
17,1785589172, 273998 finder           0.3 307332    453
17,1785589172, 274965 textedit         0.3 223612    180
17,1785589172, 274979 appstore         0.3 188492    180
17,1785589172, 274982 settings         0.3 189128    180
17,1785589172, 274984 terminal         0.4 219692    180
18,1785589174, 273979 slopos-session   0.1  1888     456
18,1785589174, 273985 slopos-composit  0.5 100988    456
18,1785589174, 273987 slopos-shell     4.3 665696    455
18,1785589174, 273998 finder           0.3 307332    455
18,1785589174, 274965 textedit         0.3 223612    183
18,1785589174, 274979 appstore         0.3 188492    182
18,1785589174, 274982 settings         0.3 189128    182
18,1785589174, 274984 terminal         0.4 219692    182
19,1785589176, 273979 slopos-session   0.1  1888     458
19,1785589176, 273985 slopos-composit  0.5 100988    458
19,1785589176, 273987 slopos-shell     4.3 665696    457
19,1785589176, 273998 finder           0.3 307332    457
19,1785589176, 274965 textedit         0.3 223612    185
19,1785589176, 274979 appstore         0.3 188492    185
19,1785589176, 274982 settings         0.3 189128    185
19,1785589176, 274984 terminal         0.4 219692    185
20,1785589178, 273979 slopos-session   0.1  1888     460
20,1785589178, 273985 slopos-composit  0.5 100988    460
20,1785589178, 273987 slopos-shell     4.3 665696    459
20,1785589178, 273998 finder           0.3 307332    459
20,1785589178, 274965 textedit         0.3 223612    187
20,1785589178, 274979 appstore         0.3 188492    187
20,1785589178, 274982 settings         0.3 189128    187
20,1785589178, 274984 terminal         0.4 219692    187
21,1785589180, 273979 slopos-session   0.1  1888     462
21,1785589180, 273985 slopos-composit  0.5 100988    462
21,1785589180, 273987 slopos-shell     4.3 665696    461
21,1785589180, 273998 finder           0.3 307332    461
21,1785589180, 274965 textedit         0.3 223612    189
21,1785589180, 274979 appstore         0.3 188492    189
21,1785589180, 274982 settings         0.3 189128    189
21,1785589180, 274984 terminal         0.4 219692    189
22,1785589182, 273979 slopos-session   0.1  1888     464
22,1785589182, 273985 slopos-composit  0.5 100988    464
22,1785589182, 273987 slopos-shell     4.3 665696    463
22,1785589182, 273998 finder           0.3 307332    463
22,1785589182, 274965 textedit         0.3 223612    191
22,1785589182, 274979 appstore         0.3 188492    191
22,1785589182, 274982 settings         0.3 189128    191
22,1785589182, 274984 terminal         0.4 219692    191
23,1785589184, 273979 slopos-session   0.1  1888     466
23,1785589184, 273985 slopos-composit  0.5 100988    466
23,1785589184, 273987 slopos-shell     4.2 665696    466
23,1785589184, 273998 finder           0.3 307332    465
23,1785589184, 274965 textedit         0.3 223612    193
23,1785589184, 274979 appstore         0.3 188492    193
23,1785589184, 274982 settings         0.3 189128    193
23,1785589184, 274984 terminal         0.4 219692    193
24,1785589186, 273979 slopos-session   0.1  1888     468
24,1785589186, 273985 slopos-composit  0.5 100988    468
24,1785589186, 273987 slopos-shell     4.5 668608    468
24,1785589186, 273998 finder           0.3 307332    467
24,1785589186, 274965 textedit         0.3 223612    195
24,1785589186, 274979 appstore         0.3 224352    195
24,1785589186, 274982 settings         0.2 189128    195
24,1785589186, 274984 terminal         0.4 219692    195
25,1785589188, 273979 slopos-session   0.1  1888     470
25,1785589188, 273985 slopos-composit  0.5 100988    470
25,1785589188, 273987 slopos-shell     4.4 668608    470
25,1785589188, 273998 finder           0.3 307332    469
25,1785589188, 274965 textedit         0.3 223612    197
25,1785589188, 274979 appstore         0.3 224352    197
25,1785589188, 274982 settings         0.2 189128    197
25,1785589188, 274984 terminal         0.4 219692    197
26,1785589190, 273979 slopos-session   0.1  1888     472
26,1785589190, 273985 slopos-composit  0.5 100988    472
26,1785589190, 273987 slopos-shell     4.4 668608    472
26,1785589190, 273998 finder           0.3 307332    471
26,1785589190, 274965 textedit         0.3 223612    199
26,1785589190, 274979 appstore         0.3 224352    199
26,1785589190, 274982 settings         0.2 189128    199
26,1785589190, 274984 terminal         0.4 219692    199
27,1785589192, 273979 slopos-session   0.1  1888     474
27,1785589192, 273985 slopos-composit  0.5 100988    474
27,1785589192, 273987 slopos-shell     4.4 668608    474
27,1785589192, 273998 finder           0.3 307332    473
27,1785589192, 274965 textedit         0.3 223612    201
27,1785589192, 274979 appstore         0.3 224352    201
27,1785589192, 274982 settings         0.2 189128    201
27,1785589192, 274984 terminal         0.3 219692    201
28,1785589194, 273979 slopos-session   0.1  1888     476
28,1785589194, 273985 slopos-composit  0.5 103388    476
28,1785589194, 273987 slopos-shell     4.5 861864    476
28,1785589194, 273998 finder           0.3 307332    475
28,1785589194, 274965 textedit         0.3 223612    203
28,1785589194, 274979 appstore         0.4 225752    203
28,1785589194, 274982 settings         0.2 189128    203
28,1785589194, 274984 terminal         0.3 219692    203
29,1785589196, 273979 slopos-session   0.1  1888     478
29,1785589196, 273985 slopos-composit  0.5 103388    478
29,1785589196, 273987 slopos-shell     4.6 659704    478
29,1785589196, 273998 finder           0.3 307332    477
29,1785589196, 274965 textedit         0.3 223612    205
29,1785589196, 274979 appstore         0.4 225752    205
29,1785589196, 274982 settings         0.2 189128    205
29,1785589196, 274984 terminal         0.3 219692    205
30,1785589198, 273979 slopos-session   0.1  1888     480
30,1785589198, 273985 slopos-composit  0.5 103388    480
30,1785589198, 273987 slopos-shell     4.6 659704    480
30,1785589198, 273998 finder           0.3 307332    479
30,1785589198, 274965 textedit         0.3 223612    207
30,1785589198, 274979 appstore         0.4 225752    207
30,1785589198, 274982 settings         0.2 189128    207
30,1785589198, 274984 terminal         0.3 219692    207
